{
  "train_loss": [
    0.02942068377859974,
    0.0289610562271575,
    0.028883180626072282,
    0.0288506421454223,
    0.028819438305885625,
    0.028799370594435568,
    0.028786365713478805,
    0.028768083022079276,
    0.02875047308288827,
    0.02874431945170918,
    0.028731365886278337,
    0.028719183679008234,
    0.02870838384458315,
    0.02870303429292044,
    0.028696336329018874,
    0.02868821397354156,
    0.028685186726136628,
    0.028676984587552055,
    0.02867243007821332,
    0.028664050215136936,
    0.028660971347177645,
    0.028655501844337454,
    0.028649680589775343,
    0.02864615418671813,
    0.028641176350289493,
    0.028640684701854904,
    0.02863510169808692,
    0.028587583199432588,
    0.02857948445331115,
    0.02858180561670844,
    0.02857536574842655,
    0.028570029150807495,
    0.028565385919752433,
    0.02856653692330678,
    0.0285653441646838,
    0.028537462722168346,
    0.02853001529198556,
    0.02852724004369082,
    0.0285290581697653,
    0.028526763581342596,
    0.028520699773113688,
    0.028520770857691294,
    0.028514474210313504,
    0.028515779035186782,
    0.028511568248633802,
    0.028510719487090212,
    0.028508788796629634,
    0.02851067095722009,
    0.028507181972144625,
    0.028503797335404053
  ],
  "val_loss": [
    0.029409942920398988,
    0.03027770697727224,
    0.029007479967530114,
    0.02892763648397104,
    0.028862874585348027,
    0.030261250090622565,
    0.0290310919236882,
    0.029149443317079454,
    0.029017097464750643,
    0.029621353820615808,
    0.028679905289180203,
    0.0288122368496315,
    0.02874436998108132,
    0.02893340289700991,
    0.028985079099536685,
    0.02866871835684791,
    0.028620822348965555,
    0.03065030683634587,
    0.02868213451665781,
    0.02869374722539265,
    0.028603419380849354,
    0.028610795098420693,
    0.028577189083760484,
    0.028741111068055807,
    0.028622147680912438,
    0.028611781243381783,
    0.028660440825980547,
    0.028495093103963687,
    0.02857947199315068,
    0.02851536987452227,
    0.028538539351554468,
    0.02847077212640115,
    0.028464816497532894,
    0.028493754482209904,
    0.029167505174460824,
    0.02840555122608513,
    0.028415023638789907,
    0.02847070063299265,
    0.028402614215873694,
    0.028458801257061038,
    0.028405270425176758,
    0.02839665371814844,
    0.028396795257530107,
    0.028386230842237802,
    0.028385496097154864,
    0.02838016766397574,
    0.028380333171092707,
    0.028377228292403453,
    0.02838629923123772,
    0.028385249926446136
  ],
  "train_auroc": [
    0.6088614118759949,
    0.6405450827472262,
    0.6452590193875234,
    0.6471213746652837,
    0.6489374050939373,
    0.6499744319181034,
    0.6505952029699952,
    0.651570487744947,
    0.6524973280487028,
    0.6527891579357823,
    0.6534121789703111,
    0.6540612985909429,
    0.6545928219393458,
    0.654818234782491,
    0.6551296338834756,
    0.6555488796105855,
    0.6556997768225284,
    0.6560304760358584,
    0.6562304782227756,
    0.6566656663967276,
    0.6568427671923058,
    0.6570330853912688,
    0.6572838465233009,
    0.6574139160586143,
    0.6576245227203891,
    0.6576964605192205,
    0.6579149179403295,
    0.6602203750734189,
    0.660578440639069,
    0.6604031271992833,
    0.6606918135448457,
    0.6609551437942196,
    0.6610869688139908,
    0.6610502239464714,
    0.6611117361719302,
    0.6624464682700917,
    0.6627283725714609,
    0.6628772031807165,
    0.6627182156713615,
    0.6628271140368168,
    0.6631463471027248,
    0.6631724433629818,
    0.663366681830879,
    0.6633314940839211,
    0.6635353362938832,
    0.6635039173570294,
    0.6636404922888617,
    0.6636018817036342,
    0.6637063112179696,
    0.6638048645800693
  ],
  "val_auroc": [
    0.6336410745840757,
    0.6185457955221778,
    0.6448873970553074,
    0.6447469478315444,
    0.6491161518341063,
    0.6102677994946251,
    0.643250127537645,
    0.6363664781210656,
    0.6501162835394745,
    0.6280306056534913,
    0.659167194128855,
    0.6494531041803129,
    0.6548742162449659,
    0.6535489694070139,
    0.644985702858841,
    0.6587714994900399,
    0.6595903614327651,
    0.6108489835325857,
    0.6569280868538288,
    0.6540610710439907,
    0.6616950803110636,
    0.6615450305252383,
    0.6613888218061296,
    0.6535255209819959,
    0.6594462085923247,
    0.6593688568439541,
    0.6573782696375092,
    0.66456154541779,
    0.6664799952857522,
    0.6649977370203523,
    0.6643840228223511,
    0.6658394985023613,
    0.6659160282050186,
    0.666286109282679,
    0.652478171636881,
    0.6686842593843576,
    0.6688073530313016,
    0.6659687635220731,
    0.6688635217843142,
    0.6670857629613792,
    0.6692069326838532,
    0.6691222610400297,
    0.6695028646376214,
    0.6698157275431246,
    0.6694639723845914,
    0.669822895819778,
    0.6700940429231589,
    0.670229128245868,
    0.6700738999085132,
    0.6704063710214353
  ],
  "train_auprc": [
    0.23705219994382964,
    0.2610745760208072,
    0.2644320900473917,
    0.2660048781456303,
    0.26776709687217404,
    0.2686570150581144,
    0.2692659456817624,
    0.27022041727455015,
    0.2708367440202987,
    0.2714611681039835,
    0.27217632547542,
    0.2724570516603055,
    0.2732377576978856,
    0.27356670222338614,
    0.2738410669185344,
    0.27437232291506103,
    0.27460206092389855,
    0.2747897681271176,
    0.27539091773751795,
    0.27538114410437836,
    0.2757062823638713,
    0.2758210767402807,
    0.27603882118463824,
    0.27618040307743863,
    0.27649087570586733,
    0.2764012051365754,
    0.27704886806643,
    0.27867191454485957,
    0.2791368225129796,
    0.27900218024999657,
    0.27921115530537755,
    0.27964539751491596,
    0.27998014073654026,
    0.27983534411168154,
    0.28009062330354323,
    0.2809933752087482,
    0.2815484070232801,
    0.28168229025493663,
    0.28156683144933836,
    0.2819130466941723,
    0.28223211636804196,
    0.2823221591976011,
    0.28237762056302923,
    0.2823633096844758,
    0.2827853087120046,
    0.28276826650246983,
    0.28282853352953996,
    0.282624635173532,
    0.2829169280594318,
    0.2831296042673052
  ],
  "val_auprc": [
    0.2637925076931643,
    0.2555411448935936,
    0.26851527804467906,
    0.27023868082130115,
    0.27415874819459973,
    0.2513018927126367,
    0.27024007379398435,
    0.2663856984436793,
    0.27553483660183764,
    0.26593574426146416,
    0.2808346148467408,
    0.27676787488590504,
    0.28009407674705006,
    0.2797589643974146,
    0.2736970929051557,
    0.28304218728184427,
    0.2823674467018297,
    0.26039002391609306,
    0.2827966279469145,
    0.277546235120272,
    0.2842141968205335,
    0.2831653021123572,
    0.2841783963685954,
    0.28016903332385723,
    0.2837035736437386,
    0.28272527464422875,
    0.28394235435827064,
    0.2874737169853784,
    0.28843196103342755,
    0.288315314115793,
    0.28837919036383464,
    0.2893336668303033,
    0.28963285153246754,
    0.28931937564217314,
    0.2836170186807032,
    0.2918622795674964,
    0.2919552453600639,
    0.2902371785487056,
    0.29235441707994364,
    0.2914593711436371,
    0.29240620866207967,
    0.29290589639587195,
    0.29343312472272354,
    0.29310033827709203,
    0.2933207383422597,
    0.2943498229715818,
    0.29382881840738434,
    0.29407141458851593,
    0.29433432315991215,
    0.29465826375387266
  ]
}